Book Id,Title,Author,Author l-f,Additional Authors,ISBN,ISBN13,My Rating,Average Rating,Publisher,Binding,Number of Pages,Year Published,Original Publication Year,Date Read,Date Added,Bookshelves,Bookshelves with positions,Exclusive Shelf,My Review,Spoiler,Private Notes,Read Count,Recommended For,Recommended By,Owned Copies,Original Purchase Date,Original Purchase Location,Condition,Condition Description,BCID
41962621,Elevation,Stephen King,"King, Stephen",,,,4,3.67,Simon & Schuster Audio,Audible Audio,4,2018,2018,,10/06/2020,,,read,"I have to admit, this was a great read after a King break. Forgot how good he is at quickly making you connecting with his characters, how instant and easy one can identify and emphatise with them. If you ever want to get someone hooked on King that is a bit squeamish, this is a great book. Lighter version of Thinner, happier implications.",,,1,,,0,,,,,
11721966,Good Strategy Bad Strategy: The Difference and Why It Matters,Richard P. Rumelt,"Rumelt, Richard P.",,307886255,9.78031E+12,0,4.17,Crown Business,ebook,320,2011,2011,,10/03/2021,to-read,to-read (#72),to-read,,,,0,,,0,,,,,
140225,"The Voyage of the Dawn Treader (Chronicles of Narnia, #3)",C.S. Lewis,"Lewis, C.S.",Pauline Baynes,006112527X,9.78006E+12,4,4.08,HarperCollins,Hardcover,248,2006,1952,,21/01/2021,,,read,,,,1,,,0,,,,,
121749,"Prince Caspian (Chronicles of Narnia, #2)",C.S. Lewis,"Lewis, C.S.",,000720230X,9.78001E+12,5,3.97,HarperCollins Publishers,Hardcover,240,2005,1951,,21/01/2021,,,read,,,,1,,,0,,,,,
18337259,A Game of Thrones #1,Daniel Abraham,"Abraham, Daniel","George R.R. Martin, Tommy Patterson",,9.78035E+12,5,4.62,Bantam,ebook,32,2011,2011,,21/01/2021,,,read,,,,1,,,0,,,,,
1126719,House of Suns,Alastair Reynolds,"Reynolds, Alastair",,575099127,9.78058E+12,4,4.21,Gollancz,Paperback,512,2010,2008,,21/01/2021,,,read,,,,1,,,0,,,,,
149063,The Sands of Mars,Arthur C. Clarke,"Clarke, Arthur C.",,553290959,9.78055E+12,0,3.73,Bantam Spectra,Mass Market Paperback,229,1991,1951,,21/01/2021,to-read,to-read (#71),to-read,,,,0,,,0,,,,,
76740,The Demolished Man,Alfred Bester,"Bester, Alfred",,1857988221,9.78186E+12,0,3.99,Millennium,Paperback,250,1999,1953,,21/01/2021,to-read,to-read (#70),to-read,,,,0,,,0,,,,,
5472,Animal Farm / 1984,George Orwell,"Orwell, George",Christopher Hitchens,,,5,4.29,Houghton Mifflin Harcourt,Hardcover,400,2003,1948,,21/01/2021,,,read,,,,1,,,0,,,,,
41150002,"Apusul (Terra XXI, #2)",Adrian Mihaltianu,"Mihaltianu, Adrian",,,9.78606E+12,5,4.5,Nemira,Paperback,626,2018,2018,,21/01/2021,,,read,,,,1,,,0,,,,,
35068977,"Epoca Inocenţei (Terra XXI, #1)",Adrian Mihaltianu,"Mihaltianu, Adrian",,6067589044,9.78607E+12,5,4.14,Nemira,Paperback,360,2017,2012,,21/01/2021,,,read,,,,1,,,0,,,,,
32801366,Arhanghelul Raul,Ovidiu Eftimie,"Eftimie, Ovidiu",,6067587718,9.78607E+12,5,3.83,Nemira,Paperback,174,2016,2016,,26/12/2020,,,read,"O incercare foarte reusita de a copia un stil care inca nu se bucura de o foarte mare popularitate in romania, anume auto-ironia nationala cu ajutorul unei povesti gogomane in stil SF. Caragiale meets Douglas Adams si ghidul autostopistului galactic.<br/>O lectura de o dupa-amiaza, usoara, amuzanta pe alocuri care castiga 5 stele in loc de 4 doar pentru originalitatea cu care l-a copiat pe Adams si a adaptat stereotipurile pentru Romania. Voi continua sa citesc lecturi mai serioase de la el cand imi voi pune mana pe el, este un autor cu potential.",,,1,,,0,,,,,
39295912,Blowing the Bloody Doors Off: And Other Lessons in Life,Michael Caine,"Caine, Michael",,1549173219,9.78155E+12,3,3.86,Hachette Books,Audiobook,,2018,2018,,24/12/2020,,,read,,,,1,,,0,,,,,
60931,Kindred,Octavia E. Butler,"Butler, Octavia E.",,807083690,9.78081E+12,4,4.27,Beacon Press,Paperback,287,2004,1979,,24/12/2020,,,read,"Great fantasy to read, feels truly well documented and spares no detail in transporting you to that age. Was not a big fan of the ending but it did seem like the only possible outcome.",,,1,,,0,,,,,
27543,Artificial Intelligence: A Modern Approach,Stuart Russell,"Russell, Stuart",Peter Norvig,137903952,9.78014E+12,0,4.18,Prentice Hall,Hardcover,1132,2002,1994,,26/11/2020,to-read,to-read (#69),to-read,,,,0,,,0,,,,,
485812,Broca's Brain: Reflections on the Romance of Science,Carl Sagan,"Sagan, Carl",,345336895,9.78035E+12,0,4.04,Ballantine Books,Mass Market Paperback,398,1986,1979,,26/11/2020,to-read,to-read (#68),to-read,,,,0,,,0,,,,,
68333,"Beggars in Spain (Sleepless, #1)",Nancy Kress,"Kress, Nancy",,60733489,9.78006E+12,5,3.94,Harper Voyager,Paperback,400,2004,1993,,23/11/2020,,,read,"Truly great piece of work, all the prizes were well deserved",,,1,,,0,,,,,
9532,"Ender's Shadow (The Shadow Series, #1)",Orson Scott Card,"Card, Orson Scott",,765342405,9.78077E+12,4,4.3,Starscape,Paperback,469,2002,1999,,08/11/2020,,,read,,,,1,,,0,,,,,
54615879,The Original,Brandon Sanderson,"Sanderson, Brandon","Mary Robinette Kowal, Julia Whelan",,,0,3.85,Recorded Books,Audiobook,4,2020,2020,,08/11/2020,to-read,to-read (#67),to-read,,,,0,,,0,,,,,
1170158,"The Earthsea Trilogy (Earthsea Cycle, #1-3)",Ursula K. Le Guin,"Guin, Ursula K. Le",,140050930,9.78014E+12,5,4.27,Penguin Books Limited,Paperback,478,1979,1972,09/06/2019,09/06/2019,,,read,,,,1,,,0,,,,,
22816087,Seveneves,Neal Stephenson,"Stephenson, Neal",,,,5,3.98,William Morrow,Kindle Edition,880,2015,2015,09/06/2019,17/04/2019,,,read,,,,2,,,0,,,,,
25454056,"Sword of Destiny (The Witcher, #0.7)",Andrzej Sapkowski,"Sapkowski, Andrzej",David A French,,,0,4.28,Orbit,Kindle Edition,384,2015,1992,,08/11/2020,currently-reading,currently-reading (#1),currently-reading,,,,1,,,0,,,,,
40603587,"The Last Wish (The Witcher, #0.5)",Andrzej Sapkowski,"Sapkowski, Andrzej",Danusia Stok,,,4,4.12,Orbit,Kindle Edition,360,2008,1993,08/11/2020,03/11/2020,,,read,,,,1,,,0,,,,,
218427,"Gateway (Heechee Saga, #1)",Frederik Pohl,"Pohl, Frederik",,345475836,9.78035E+12,5,4.07,Del Rey,Paperback,278,2004,1977,03/11/2020,10/09/2020,,,read,,,,1,,,0,,,,,
25744928,Deep Work: Rules for Focused Success in a Distracted World,Cal Newport,"Newport, Cal",,1455586692,9.78146E+12,4,4.19,Grand Central Publishing,Hardcover,296,2016,2016,03/11/2020,10/09/2020,,,read,,,,1,,,0,,,,,
51456672,"Entanglements: Tomorrow's Lovers, Families, and Friends",Sheila Williams,"Williams, Sheila",,026253925X,9.78026E+12,5,3.75,MIT Press,Paperback,240,2020,,,03/11/2020,,,read,,,,1,,,0,,,,,
1228321,Mirkheim,Poul Anderson,"Anderson, Poul",,425058638,9.78043E+12,3,3.59,Berkley,Paperback,,1983,1977,,26/10/2020,,,read,,,,1,,,0,,,,,
11607,The Running Man,Richard Bachman,"Bachman, Richard",Stephen King,451197968,9.78045E+12,0,3.88,Signet,Paperback,317,1999,1982,,11/10/2020,to-read,to-read (#66),to-read,,,,0,,,0,,,,,
52397,"Parable of the Sower (Earthseed, #1)",Octavia E. Butler,"Butler, Octavia E.",,446675504,9.78045E+12,0,4.17,Grand Central Publishing,Paperback,345,2000,1993,,11/10/2020,to-read,to-read (#65),to-read,,,,0,,,0,,,,,
76171,We,Yevgeny Zamyatin,"Zamyatin, Yevgeny",Clarence Brown,140185852,9.78014E+12,0,3.91,Penguin Classics,Paperback,226,1993,1920,,11/10/2020,to-read,to-read (#64),to-read,,,,0,,,0,,,,,
13453029,"Wool Omnibus (Silo, #1)",Hugh Howey,"Howey, Hugh",,,,0,4.2,Broad Reach Publishing,Kindle Edition,509,2012,2012,,11/10/2020,to-read,to-read (#63),to-read,,,,0,,,0,,,,,
472331,Watchmen,Alan Moore,"Moore, Alan","Dave Gibbons, John    Higgins",930289234,9.78093E+12,0,4.37,DC Comics,Paperback,416,2005,1987,,11/10/2020,to-read,to-read (#62),to-read,,,,0,,,0,,,,,
5805,V for Vendetta,Alan Moore,"Moore, Alan",David   Lloyd,1401207928,9.7814E+12,0,4.25,Vertigo,Hardcover,296,2005,1990,,11/10/2020,to-read,to-read (#61),to-read,,,,0,,,0,,,,,
320571,Nebula Winners Fifteen,Frank Herbert,"Herbert, Frank","Jack Dann, George R.R. Martin, Barry B. Longyear, Edward Bryant, Joanna Russ, Orson Scott Card, Vonda N. McIntyre, Ben Bova",60148306,9.78006E+12,5,3.85,HarperCollins Publishers,Hardcover,256,1981,1981,,20/09/2020,,,read,"Very very powerful stories, this is what SF should be about.",,,1,,,0,,,,,
45256,"The Nano Flower (Greg Mandel, #3)",Peter F. Hamilton,"Hamilton, Peter F.",,812577698,9.78081E+12,0,4.02,Tor Science Fiction,Mass Market Paperback,608,1999,1995,,10/09/2020,,,read,,,,1,,,0,,,,,
674280,"The Timekeeper Conspiracy (Time Wars, #2)",Simon Hawke,"Hawke, Simon",,1584450541,9.78158E+12,0,3.9,Pulpless.com,Paperback,248,1999,1984,,10/09/2020,,,read,,,,1,,,0,,,,,
302702,Mirrorshades: The Cyberpunk Anthology,Bruce Sterling,"Sterling, Bruce","William Gibson, Paul Di Filippo, Lewis Shiner, Tom Maddox, Pat Cadigan, Rudy Rucker, Marc Laidlaw, James Patrick Kelly, Greg Bear, John Shirley",,,0,3.95,Ace,Paperback,239,1988,1986,10/09/2020,23/05/2020,,,read,,,,1,,,0,,,,,
51801337,The Constant Rabbit,Jasper Fforde,"Fforde, Jasper",,1444763628,9.78144E+12,0,4.11,Hodder & Stoughton ,Hardcover,307,2020,2020,,31/08/2020,to-read,to-read (#60),to-read,,,,0,,,0,,,,,
49867186,The Left-Handed Booksellers of London,Garth Nix,"Nix, Garth",,006268325X,9.78006E+12,0,3.94,Katherine Tegen Books,Hardcover,416,2020,2020,,31/08/2020,to-read,to-read (#59),to-read,,,,0,,,0,,,,,
48643567,The Doors of Eden,Adrian Tchaikovsky,"Tchaikovsky, Adrian",,,9.78151E+12,0,3.9,Tor,ebook,,2020,2020,,31/08/2020,to-read,to-read (#58),to-read,,,,0,,,0,,,,,
50353740,Set My Heart to Five,Simon Stephenson,"Stephenson, Simon",,1335551204,9.78134E+12,0,3.85,Hanover Square Press,Hardcover,448,2020,2020,,31/08/2020,to-read,to-read (#57),to-read,,,,0,,,0,,,,,
50891732,Fifty in Reverse,Bill Flanagan,"Flanagan, Bill",,1982152672,9.78198E+12,0,3.87,Tiller Press,Hardcover,208,2020,2020,,31/08/2020,to-read,to-read (#56),to-read,,,,0,,,0,,,,,
45250,"A Quantum Murder (Greg Mandel, #2)",Peter F. Hamilton,"Hamilton, Peter F.",,812555244,9.78081E+12,4,3.97,Tor Books,Mass Market Paperback,375,1998,1994,,23/08/2020,,,read,,,,1,,,0,,,,,
45253,"Mindstar Rising (Greg Mandel, #1)",Peter F. Hamilton,"Hamilton, Peter F.",,812590562,9.78081E+12,5,3.92,Tor Books,Mass Market Paperback,432,1997,1993,,23/08/2020,,,read,"Brilliantly paced book, can keep you hooked well into the night past your normal bedtime.<br/>The distopian future it presents is really lightweight in terms of ""wow"" factor, which really makes it all the more real. The author does not dwell on it but it really helps build the overall picture and can really see it come into play and shape the actions of characters as well as the overall action of the book.<br/>Not light but not excessively hard SF from the author of highly acclaimed space epics, a bit closer to home.<br/>Definitely a read if you feel you need a classic scifi read, great actions and evolving characters and also how scary close we are to achieving the narative written almost two decades ago.",,,1,,,0,,,,,
25499718,"Children of Time (Children of Time, #1)",Adrian Tchaikovsky,"Tchaikovsky, Adrian",,1447273281,9.78145E+12,0,4.27,PanMacmillan,Hardcover,600,2015,2015,,15/08/2020,to-read,to-read (#55),to-read,,,,0,,,0,,,,,
38822981,"Seven Devils (Seven Devils, #1)",Laura Lam,"Lam, Laura",Elizabeth May,756415802,9.78076E+12,0,4.04,DAW,Hardcover,448,2020,2020,,15/08/2020,to-read,to-read (#54),to-read,,,,0,,,0,,,,,
45422268,The Vanished Birds,Simon Jimenez,"Jimenez, Simon",,593128982,9.78059E+12,0,4.11,Del Rey Books,Hardcover,391,2020,2020,,15/08/2020,to-read,to-read (#53),to-read,,,,0,,,0,,,,,
35074096,"Mythos: The Greek Myths Retold (Stephen Fry's Great Mythology, #1)",Stephen Fry,"Fry, Stephen",,718188721,9.78072E+12,0,4.26,Michael Joseph,Hardcover,416,2017,2017,,21/07/2020,,,read,,,,1,,,0,,,,,
9579634,"Prince of Thorns (The Broken Empire, #1)",Mark  Lawrence,"Lawrence, Mark",,7423292,9.78001E+12,0,3.85,Voyager,Hardcover,373,2011,2011,,21/07/2020,to-read,to-read (#52),to-read,,,,0,,,0,,,,,
36342017,"Vicious (Villains, #1)",V.E. Schwab,"Schwab, V.E.",,125016026X,9.78125E+12,0,4.2,Tor Books,Hardcover,371,2018,2013,,21/07/2020,to-read,to-read (#51),to-read,,,,0,,,0,,,,,
564309,Grimm's Complete Fairy Tales,Jacob Grimm,"Grimm, Jacob",Wilhelm Grimm,760703353,9.78076E+12,0,4.27,Barnes & Nobles Books,Leather Bound,730,2009,1812,,21/07/2020,,,read,,,,1,,,0,,,,,
51633549,"The Last Wish (The Witcher, #0.5)",Andrzej Sapkowski,"Sapkowski, Andrzej",Danusia Stok,,,0,4.12,Orbit,Kindle Edition,353,2008,1993,,21/07/2020,to-read,to-read (#50),to-read,,,,0,,,0,,,,,
10803709,"Elantris (Elantris, #1)",Brandon Sanderson,"Sanderson, Brandon",,575097442,9.78058E+12,0,4.17,Gollancz,Paperback,555,2011,2005,,21/07/2020,to-read,to-read (#49),to-read,,,,0,,,0,,,,,
22055262,"A Darker Shade of Magic (Shades of Magic, #1)",V.E. Schwab,"Schwab, V.E.",,765376458,9.78077E+12,0,4.07,Tor Books,Hardcover,400,2015,2015,,21/07/2020,to-read,to-read (#48),to-read,,,,0,,,0,,,,,
11203858,"The Way of Kings (The Stormlight Archive, #1)",Brandon Sanderson,"Sanderson, Brandon",,,,0,4.61,Gollancz,Kindle Edition,1009,2010,2010,,21/07/2020,to-read,to-read (#47),to-read,,,,0,,,0,,,,,
16793,Stardust,Neil Gaiman,"Gaiman, Neil",,61142026,9.78006E+12,0,4.08,Harper Perennial,Paperback,248,2006,1998,,21/07/2020,to-read,to-read (#46),to-read,,,,0,,,0,,,,,
49128045,"The Eye of the World (The Wheel of Time, #1)",Robert Jordan,"Jordan, Robert",,,,0,4.17,Tor Books,Kindle Edition,753,2019,1990,,21/07/2020,to-read,to-read (#45),to-read,,,,0,,,0,,,,,
6547258,"The Final Empire (Mistborn, #1)",Brandon Sanderson,"Sanderson, Brandon",,575089911,9.78058E+12,0,4.44,Gollancz,Paperback,647,2009,2006,,21/07/2020,,,read,,,,1,,,0,,,,,
112554,Frankestein,Mary Wollstonecraft Shelley,"Shelley, Mary Wollstonecraft",,9505811497,9.78951E+12,4,3.82,Ediciones Colihue,Paperback,282,2001,1818,17/07/2020,07/07/2020,,,read,,,,1,,,0,,,,,
32758901,"All Systems Red (The Murderbot Diaries, #1)",Martha Wells,"Wells, Martha",,,9.78077E+12,0,4.15,Tor.com,ebook,144,2017,2017,,16/07/2020,to-read,to-read (#44),to-read,,,,0,,,0,,,,,
118028,The Left Hand of Darkness  (Hainish Cycle #4),Ursula K. Le Guin,"Guin, Ursula K. Le",,441478123,9.78044E+12,0,4.08,Ace,Paperback,366,2010,1969,,16/07/2020,to-read,to-read (#43),to-read,,,,0,,,0,,,,,
15839976,"Red Rising (Red Rising Saga, #1)",Pierce Brown,"Brown, Pierce",,345539788,9.78035E+12,0,4.24,Del Rey,Hardcover,382,2014,2014,,16/07/2020,to-read,to-read (#42),to-read,,,,0,,,0,,,,,
2865440,Cat's Cradle,Kurt Vonnegut Jr.,"Jr., Kurt Vonnegut",Benjamin Kunkel,141189347,9.78014E+12,0,4.16,Penguin Classics,Paperback,206,2008,1963,,16/07/2020,to-read,to-read (#41),to-read,,,,0,,,0,,,,,
41817486,A Clockwork Orange,Anthony Burgess,"Burgess, Anthony",,393341763,9.78039E+12,0,3.99,W. W. Norton & Company,Paperback,213,2019,1962,,16/07/2020,to-read,to-read (#40),to-read,,,,0,,,0,,,,,
6288,The Road,Cormac McCarthy,"McCarthy, Cormac",,307265439,9.78031E+12,0,3.97,Alfred A. Knopf,Hardcover,241,2006,2006,,16/07/2020,to-read,to-read (#39),to-read,,,,0,,,0,,,,,
4981,Slaughterhouse-Five,Kurt Vonnegut Jr.,"Jr., Kurt Vonnegut",,385333846,9.78039E+12,0,4.08,Dial Press,Paperback,275,1999,1969,,16/07/2020,to-read,to-read (#38),to-read,,,,0,,,0,,,,,
36374694,"The Future of Leadership: Rise of Automation, Robotics and Artificial Intelligence",Brigette Tasha Hyacinth,"Hyacinth, Brigette Tasha",,,,4,3.62,MBA Caribbean Organisation,Kindle Edition,327,2017,,07/07/2020,24/06/2020,,,read,"Very good book, full of information about the field and explaining a lot of concepts and events. It is starting to not be as actual as one would want, but it is a good introduction. The leadership part was quite small and not that interesting or innovative. It did give a few good in-context pointers, that I really appreciated.",,,1,,,0,,,,,
25895524,"Red Sister (Book of the Ancestor, #1)",Mark  Lawrence,"Lawrence, Mark",,1101988851,9.7811E+12,0,4.15,Ace,Hardcover,469,2017,2017,07/07/2020,24/06/2020,,,read,,,,1,,,0,,,,,
10100051,A Scanner Darkly,Philip K. Dick,"Dick, Philip K.",,547572174,9.78055E+12,0,4.01,Mariner Books,Paperback,289,2011,1977,,07/07/2020,,,read,,,,1,,,0,,,,,
149059,A Fall of Moondust,Arthur C. Clarke,"Clarke, Arthur C.",,575073179,9.78058E+12,4,3.89,Gollancz,Paperback,224,2002,1961,24/06/2020,14/06/2020,,,read,,,,1,,,0,,,,,
639873,Butterfly and Hellflower,Eluki bes Shahar,"Shahar, Eluki bes",,1568650485,9.78157E+12,0,4.19,New York Guild America Books,Hardcover,640,1993,1993,,23/06/2020,to-read,to-read (#37),to-read,,,,0,,,0,,,,,
1477299,A Fantasy of Dr. Ox,Jules Verne,"Verne, Jules",Gilbert Adair,1843910675,9.78184E+12,0,3.51,Hesperus Press,Paperback,112,2003,1874,,10/06/2019,,,read,,,,1,,,0,,,,,
13630171,"The Skull Throne (Demon Cycle, #4)",Peter V. Brett,"Brett, Peter V.",,345531485,9.78035E+12,0,4.14,Del Rey,Hardcover,681,2015,2015,,13/06/2020,,,read,,,,1,,,0,,,,,
9268487,"The Daylight War (Demon Cycle, #3)",Peter V. Brett,"Brett, Peter V.",,345503821,9.78035E+12,0,4.21,Random House Del Ray,Hardcover,639,2013,2013,,13/06/2020,,,read,,,,1,,,0,,,,,
6736971,"The Desert Spear (Demon Cycle, #2)",Peter V. Brett,"Brett, Peter V.",,345503813,9.78035E+12,0,4.19,Del Rey,Capa dura,579,2010,2010,,13/06/2020,,,read,,,,1,,,0,,,,,
45169408,Menace of the Machine: The Rise of AI in Classic Science Fiction (British Library Science Fiction Classics),Mike Ashley,"Ashley, Mike",,712352422,9.78071E+12,5,3.91,British Library Publishing,Paperback,352,2019,,02/06/2020,02/06/2020,,,read,"Really good to see the wide diversity of themes that were available in the long ago years. Great introduction with a lot of books being added to my wish list. Great stories, great authors!",,,1,,,0,,,,,
49706374,The Oppenheimer Alternative,Robert J. Sawyer,"Sawyer, Robert J.",,1647100135,9.78165E+12,0,3.96,CAEZIK SF & Fantasy,Paperback,374,2020,2020,,27/05/2020,to-read,to-read (#36),to-read,,,,0,,,0,,,,,
898036,The Humanoids and With Folded Hands,Jack Williamson,"Williamson, Jack",,078612332X,9.78079E+12,0,4.17,Blackstone Audiobooks,Audio Cassette,0,2002,1949,,23/05/2020,to-read,to-read (#35),to-read,,,,0,,,0,,,,,
2981540,"La machine à assassiner (La poupée sanglante, #2) ",Gaston Leroux,"Leroux, Gaston",,2253011665,9.78225E+12,0,3.61,Le Livre de poche,Mass Market Paperback,215,1976,1924,,23/05/2020,to-read,to-read (#34),to-read,,,,0,,,0,,,,,
2614666,"La poupée sanglante (La poupée sanglante, #1) ",Gaston Leroux,"Leroux, Gaston",,2268062562,9.78227E+12,0,3.35,Le Serpent à Plumes,Paperback,299,2007,1923,,23/05/2020,to-read,to-read (#33),to-read,,,,0,,,0,,,,,
9172479,"The Republic of the Future, Or, Socialism a Reality",Anna Bowman Dodd,"Dodd, Anna Bowman",,1147681600,9.78115E+12,0,2.71,Nabu Press,Paperback,98,2010,1887,,23/05/2020,to-read,to-read (#32),to-read,,,,0,,,0,,,,,
1317751,L'Ève future,Villiers de L'Isle-Adam,"L'Isle-Adam, Villiers de",,2070387399,9.78207E+12,0,3.32,Gallimard,Paperback,441,1993,1886,,23/05/2020,to-read,to-read (#31),to-read,,,,0,,,0,,,,,
1970289,"The Huge Hunter, Or, the Steam Man of the Prairies",Edward S. Ellis,"Ellis, Edward S.",,1406524743,9.78141E+12,0,2.67,Dodo Press,Paperback,108,2007,1868,,23/05/2020,to-read,to-read (#30),to-read,,,,0,,,0,,,,,
599275,The Mummy!: A Tale of the Twenty-Second Century,Jane C. Webb Loudon,"Loudon, Jane C. Webb",,472065742,9.78047E+12,0,3.34,University of Michigan Press,Paperback,299,1995,1827,,23/05/2020,to-read,to-read (#29),to-read,,,,0,,,0,,,,,
65641,"The Silver Chair (Chronicles of Narnia, #4)",C.S. Lewis,"Lewis, C.S.",Pauline Baynes,,,3,3.95,HarperCollins,Paperback,243,2008,1953,,23/05/2020,,,read,,,,1,,,0,,,,,
84119,"The Horse and His Boy (Chronicles of Narnia, #5)",C.S. Lewis,"Lewis, C.S.",,439861365,9.78044E+12,3,3.91,Scholastic Inc,Paperback,224,1995,1954,,23/05/2020,,,read,,,,1,,,0,,,,,
41637836,The Subtle Knife,Philip Pullman,"Pullman, Philip",,,,5,4.13,RHCP Digital,Kindle Edition,370,2018,1997,,23/05/2020,,,read,,,,1,,,0,,,,,
18122,The Amber Spyglass,Philip Pullman,"Pullman, Philip",,440238153,9.78044E+12,5,4.08,Laurel Leaf,Mass Market Paperback,467,2003,2000,,23/05/2020,,,read,,,,1,,,0,,,,,
29056083,"Harry Potter and the Cursed Child: Parts One and Two (Harry Potter, #8)",John Tiffany,"Tiffany, John","Jack Thorne, J.K. Rowling",751565350,9.78075E+12,5,3.59,"Little, Brown",Hardcover,343,2016,2016,,23/05/2020,,,read,,,,1,,,0,,,,,
14497,"Neverwhere (London Below, #1)",Neil Gaiman,"Gaiman, Neil",,60557818,9.78006E+12,0,4.16,William Morrow Paperbacks,Paperback,370,2003,1996,,23/05/2020,to-read,to-read (#28),to-read,,,,0,,,0,,,,,
28187,"The Lightning Thief (Percy Jackson and the Olympians, #1)",Rick Riordan,"Riordan, Rick",,786838655,9.78079E+12,0,4.26,Disney Hyperion Books,Paperback,377,2006,2005,,23/05/2020,to-read,to-read (#27),to-read,,,,0,,,0,,,,,
10552338,Reamde,Neal Stephenson,"Stephenson, Neal",,61977969,9.78006E+12,0,3.98,William Morrow,Hardcover,1044,2011,2011,,23/05/2020,to-read,to-read (#26),to-read,,,,0,,,0,,,,,
910863,"Spin (Spin, #1)",Robert Charles Wilson,"Wilson, Robert Charles",,076534825X,9.78077E+12,0,4.02,Tor Science Fiction,Mass Market Paperback,464,2006,2005,,23/05/2020,to-read,to-read (#25),to-read,,,,0,,,0,,,,,
2845024,Anathem,Neal Stephenson,"Stephenson, Neal",,61474096,9.78006E+12,0,4.16,William Morrow,Hardcover,937,2008,2008,,23/05/2020,to-read,to-read (#24),to-read,,,,0,,,0,,,,,
28877,"Red Dragon (Hannibal Lecter, #1)",Thomas  Harris,"Harris, Thomas",,,,4,4.03,Dutton,Hardcover,454,2000,1981,,23/05/2020,,,read,,,,1,,,0,,,,,
43798285,The Institute,Stephen King,"King, Stephen",,,,0,4.2,Scribner,Hardcover,561,2019,2019,,23/05/2020,to-read,to-read (#23),to-read,,,,0,,,0,,,,,
16278318,Armada,Ernest Cline,"Cline, Ernest",,804137250,9.7808E+12,5,3.54,Crown Publishing ,Hardcover,355,2015,2015,,23/05/2020,,,read,,,,1,,,0,,,,,
25733990,"Sleeping Giants (Themis Files, #1)",Sylvain Neuvel,"Neuvel, Sylvain",,1101886692,9.7811E+12,5,3.83,Del Rey,Hardcover,320,2016,2016,,23/05/2020,,,read,,,,1,,,0,,,,,
569429,"Mostly Harmless (Hitchhiker's Guide to the Galaxy, #5)",Douglas Adams,"Adams, Douglas",,345379330,9.78035E+12,4,3.96,Del Rey,Paperback,288,1993,1992,,23/05/2020,,,read,,,,1,,,0,,,,,
6091075,"So Long, and Thanks for All the Fish (The Hitchhiker's Guide to the Galaxy, #4)",Douglas Adams,"Adams, Douglas",,,,4,4.1,Del Rey,Kindle Edition,225,2008,1984,,23/05/2020,,,read,,,,1,,,0,,,,,
27833670,Dark Matter,Blake Crouch,"Crouch, Blake",,1101904224,9.7811E+12,5,4.1,Crown,Hardcover,342,2016,2016,,23/05/2020,,,read,,,,1,,,0,,,,,
20518872,The Three-Body Problem (Remembrance of Earth’s Past #1),Liu Cixin,"Cixin, Liu",Ken Liu,765377063,9.78077E+12,5,4.06,Tor Books,Hardcover,399,2014,2006,,23/05/2020,,,read,,,,1,,,0,,,,,
8694,"Life, the Universe and Everything (Hitchhiker's Guide to the Galaxy, #3)",Douglas Adams,"Adams, Douglas",,345418905,9.78035E+12,4,4.19,Del Rey,Paperback,224,2005,1982,,23/05/2020,,,read,,,,1,,,0,,,,,
8695,"The Restaurant at the End of the Universe (Hitchhiker's Guide to the Galaxy, #2)",Douglas Adams,"Adams, Douglas",,,,4,4.21,Del Rey,Paperback,250,2005,1980,,23/05/2020,,,read,,,,1,,,0,,,,,
823,"Quicksilver (The Baroque Cycle, #1)",Neal Stephenson,"Stephenson, Neal",,60593083,9.78006E+12,0,3.89,HarperCollins Perennial,Paperback,927,2004,2003,,23/05/2020,to-read,to-read (#22),to-read,,,,0,,,0,,,,,
3173558,"Maximum Ride, Vol. 1 (Maximum Ride: The Manga, #1)",NaRae Lee,"Lee, NaRae",James Patterson,759529515,9.78076E+12,3,4.25,Yen Press,Paperback,256,2009,2009,,23/05/2020,,,read,,,,1,,,0,,,,,
25471836,Robert Heinlein's Citizen of the Galaxy,Robert Lazaro,"Lazaro, Robert","Eric Gignac, Steve Erwin",1631403613,9.78163E+12,5,3.98,IDW Publishing,Paperback,104,2015,2015,,23/05/2020,,,read,,,,1,,,0,,,,,
264196,1984,Michael Dean,"Dean, Michael","George Orwell, Andy Hopkins, Jocelyn Potter",,,5,4.41,Addison Wesley Publishing Company,Paperback,71,2003,,,23/05/2020,,,read,,,,1,,,0,,,,,
13,"The Ultimate Hitchhiker's Guide to the Galaxy (Hitchhiker's Guide to the Galaxy, #1-5)",Douglas Adams,"Adams, Douglas",,345453743,9.78035E+12,0,4.36,Del Rey Books,Paperback,815,2002,1996,,23/05/2020,,,read,,,,1,,,0,,,,,
11,"The Hitchhiker's Guide to the Galaxy (Hitchhiker's Guide to the Galaxy, #1)",Douglas Adams,"Adams, Douglas",,,,0,4.22,Del Rey Books,Mass Market Paperback,216,2005,1979,23/05/2020,27/04/2020,,,read,,,,1,,,0,,,,,
37502596,The 5 AM Club: Own Your Morning. Elevate Your Life,Robin S. Sharma,"Sharma, Robin S.",,1443456632,9.78144E+12,3,3.82,HarperCollins Publishers,ebook,336,2018,2018,,29/04/2020,,,read,,,,1,,,0,,,,,
15815598,"Big Data: A Revolution That Will Transform How We Live, Work, and Think",Viktor Mayer-Schönberger,"Mayer-Schönberger, Viktor",Kenneth Cukier,544002695,9.78054E+12,4,3.71,Houghton Mifflin Harcourt,Hardcover,242,2013,2013,,22/02/2020,,,read,"Really easy to understand some of the trends in big data, as valid in 2020 as they were in 2012 as well as some of the main paradigms behind them. Good lecture to get a better idea of the social theory of the field, not that deep in hard facts and technical data. More examples looking would have helped but considering the publication year, really impressive.",,,1,,,0,,,,,
41940371,Perihelion Summer,Greg Egan,"Egan, Greg",,1250313783,9.78125E+12,4,3.37,Tor.com,Paperback,224,2019,2019,,14/01/2020,,,read,"I enjoyed the fact that it was a stand alone book, was really quick to read and had enough of a story to hit all the sweet spots of a good read. The idea had some holes overall, and some of the concepts are not as developed as they could have been but well worth the read",,,1,,,0,,,,,
156785,Diaspora,Greg Egan,"Egan, Greg",,3453161815,9.78345E+12,0,4.13,Heyne,Paperback,443,2000,1997,,27/04/2020,,,read,,,,1,,,0,,,,,
28209634,Autonomous,Annalee Newitz,"Newitz, Annalee",,765392070,9.78077E+12,4,3.62,Tor Books,Hardcover,303,2017,2017,,29/04/2020,,,read,,,,1,,,0,,,,,
38447,"The Handmaid's Tale (The Handmaid's Tale, #1)",Margaret Atwood,"Atwood, Margaret",,,,4,4.12,Anchor Books,Paperback,314,1998,1985,20/03/2020,22/02/2020,,,read,,,,1,,,0,,,,,
40198358,The Desert Prince,Peter V. Brett,"Brett, Peter V.",,8309779,9.78001E+12,0,4.37,HarperVoyager,Hardcover,400,2021,2021,,25/02/2020,to-read,to-read (#21),to-read,,,,0,,,0,,,,,
36124936,The Outsider,Stephen King,"King, Stephen",,1501180983,9.7815E+12,5,3.98,Scribner,Hardcover,561,2018,2018,22/02/2020,19/01/2020,,,read,,,,1,,,0,,,,,
7187378,Journey to the Center of the Earth (Saddleback's Illustrated Classics),Saddleback Educational Publishing,"Publishing, Saddleback Educational",Jules Verne,1599059053,9.7816E+12,0,3.8,"Saddleback Educational Publishing, Inc.",Hardcover,61,2010,,,10/06/2019,,,read,,,,1,,,0,,,,,
16690,The Moon Is a Harsh Mistress,Robert A. Heinlein,"Heinlein, Robert A.",,340837942,9.78034E+12,0,4.15,Hodder & Stoughton,Paperback,288,2005,1966,,19/01/2020,to-read,to-read (#20),to-read,,,,0,,,0,,,,,
30753686,The Moon and the Other,John Kessel,"Kessel, John",,1481481444,9.78148E+12,0,3.58,Gallery / Saga Press,Hardcover,597,2017,2017,,19/01/2020,to-read,to-read (#19),to-read,,,,0,,,0,,,,,
13651,"The Dispossessed (Hainish Cycle, #6)",Ursula K. Le Guin,"Guin, Ursula K. Le",,,,0,4.2,Harper Voyager,Paperback,387,1994,1974,,19/01/2020,to-read,to-read (#18),to-read,,,,0,,,0,,,,,
597049,"The Ivanhoe Gambit (Time Wars, #1)",Simon Hawke,"Hawke, Simon",,9781484098,,4,3.87,Createspace (Amazon),Paperback,209,2013,1984,19/01/2020,14/01/2020,,,read,,,,1,,,0,,,,,
42404307,Zero Bomb,M.T. Hill,"Hill, M.T.",Matt   Hill,,,2,3.18,Titan Books,Kindle Edition,304,2019,2019,14/01/2020,20/12/2019,,,read,"The only thing that lifted the book to two stars was the fox. The action loses all hope of linearity, after doing 2 or 3 jumps across time, with no real value. No story finishes, although there is a great character development, when you get attached/empathise to either of the characters, it jumps to a different, really unrelated story. Has a vague concept of SF, but it is actually more like exploiting current technology with a twist.",,,1,,,0,,,,,
49661162,Randomize,Andy Weir,"Weir, Andy",,,,0,3.44,Amazon Original Stories,Kindle Edition,28,2019,2019,,17/11/2019,to-read,to-read (#13),to-read,,,,0,,,0,,,,,
34430839,"Gwendy's Button Box (The Button Box, #1)",Stephen King,"King, Stephen","Richard  Chizmar, Keith Minnion",1587676109,9.78159E+12,0,3.9,Cemetery Dance Publications,Hardcover,171,2017,2017,,30/04/2017,,,read,,,,1,,,0,,,,,
119322,The Golden Compass,Philip Pullman,"Pullman, Philip",,679879242,9.78068E+12,5,3.99,Alfred A. Knopf Books for Young Readers,Hardcover,399,1996,1995,20/12/2019,17/11/2019,,,read,,,,1,,,0,,,,,
3636,"The Giver (The Giver, #1)",Lois Lowry,"Lowry, Lois",,385732554,9.78039E+12,0,4.13,Ember,Paperback,208,2006,1993,,17/11/2019,to-read,to-read (#17),to-read,,,,0,,,0,,,,,
51964,"Old Man's War (Old Man's War, #1)",John Scalzi,"Scalzi, John",,765348276,9.78077E+12,0,4.2,Tor Books,Mass Market Paperback,355,2007,2005,,17/11/2019,to-read,to-read (#16),to-read,,,,0,,,0,,,,,
8909,The War of the Worlds,H.G. Wells,"Wells, H.G.",Arthur C. Clarke,375759239,9.78038E+12,0,3.83,Modern Library,Paperback,192,2002,1898,,17/11/2019,to-read,to-read (#15),to-read,,,,0,,,0,,,,,
170448,Animal Farm,George Orwell,"Orwell, George","Russell Baker, C.M. Woodhouse",451526341,9.78045E+12,0,3.96,Signet Classics,Mass Market Paperback,141,1996,1945,,17/11/2019,to-read,to-read (#14),to-read,,,,0,,,0,,,,,
30809689,Norse Mythology,Neil Gaiman,"Gaiman, Neil",,039360909X,9.78039E+12,0,4.08,W. W. Norton & Company,Hardcover,299,2017,2017,,29/09/2017,,,read,,,,1,,,0,,,,,
29397,"Woken Furies (Takeshi Kovacs, #3)",Richard K. Morgan,"Morgan, Richard K.",,345479718,9.78035E+12,0,4.03,Del Rey,Hardcover,464,2005,2005,,17/11/2019,,,read,,,,1,,,0,,,,,
40651883,Snow Crash,Neal Stephenson,"Stephenson, Neal",,,,0,4.02,Spectra,Kindle Edition,559,2003,1992,,17/11/2019,,,read,,,,1,,,0,,,,,
34466922,Sleeping Beauties,Stephen King,"King, Stephen",Owen King,150116340X,9.7815E+12,5,3.73,Scribner,Hardcover,702,2017,2017,,17/11/2019,,,read,"Highly addictive as usual. I did enjoy the fact that different to most of his solo books, this one focuses on the outside perception of characters rather than on the inner reflection and the change is seen through the eyes of story participants rather than themselves. Nice change of style",,,1,,,0,,,,,
42260978,Machines Like Me,Ian McEwan,"McEwan, Ian",,385545118,9.78039E+12,0,3.59,Nan A. Talese,Hardcover,337,2019,2019,,06/08/2019,to-read,to-read (#12),to-read,,,,0,,,0,,,,,
41940388,The Test,Sylvain Neuvel,"Neuvel, Sylvain",,1250312833,9.78125E+12,0,3.86,St Martin's Press,Paperback,108,2019,2019,,06/08/2019,to-read,to-read (#11),to-read,,,,0,,,0,,,,,
41824495,"Fall or, Dodge in Hell",Neal Stephenson,"Stephenson, Neal",,006245871X,9.78006E+12,0,3.56,William Morrow,Hardcover,883,2019,2019,,06/08/2019,to-read,to-read (#10),to-read,,,,0,,,0,,,,,
1562756,"Caesar Cascabel (Extraordinary Voyages, #35)",Jules Verne,"Verne, Jules",George Roux,1589634322,9.78159E+12,0,3.76,Fredonia Books (NL),Paperback,460,2001,1890,,10/06/2019,,,read,,,,1,,,0,,,,,
9926594,"Propeller Island (Extraordinary Voyages, #41)",Jules Verne,"Verne, Jules",,1434469697,9.78143E+12,0,3.64,Wildside Press,Hardcover,196,2008,1895,,10/06/2019,,,read,,,,1,,,0,,,,,
1711371,"The Fur Country (Extraordinary Voyages, #10)",Jules Verne,"Verne, Jules",,1426433131,9.78143E+12,0,3.68,BiblioLife,Paperback,368,2008,1873,,10/06/2019,,,read,,,,1,,,0,,,,,
32851,"The Blockade Runners (Extraordinary Voyages, #8.5)",Jules Verne,"Verne, Jules",,1406501794,9.78141E+12,0,3.46,Dodo Press,Paperback,68,2005,1865,,10/06/2019,,,read,,,,1,,,0,,,,,
560031,"800 Leagues on the Amazon (Extraordinary Voyages, #21)",Jules Verne,"Verne, Jules",John Bolen,1400130093,9.7814E+12,0,3.68,Tantor Media,Audio CD,,2005,1881,,10/06/2019,,,read,,,,1,,,0,,,,,
158247,"The Adventures of Captain Hatteras (Extraordinary Voyages, #2)",Jules Verne,"Verne, Jules",William Butcher,192804650,9.78019E+12,0,3.88,Oxford University Press,Paperback,402,2005,1866,,10/06/2019,,,read,,,,1,,,0,,,,,
32832,The Lighthouse at the End of the World,Jules Verne,"Verne, Jules",,1589630947,9.78159E+12,0,3.65,Fredonia Books (NL),Paperback,260,2001,1905,,10/06/2019,,,read,,,,1,,,0,,,,,
1540877,"The Castle of the Carpathians (Extraordinary Voyages, #37)",Jules Verne,"Verne, Jules",,,,0,3.62,Fredonia Books,Hardcover,211,2001,1892,,10/06/2019,,,read,,,,1,,,0,,,,,
78784,"Round the Moon (Extraordinary Voyages, #7)",Jules Verne,"Verne, Jules",,1598183044,9.7816E+12,0,3.57,Aegypan,Paperback,148,2006,1869,,10/06/2019,,,read,,,,1,,,0,,,,,
7967,"Speaker for the Dead (Ender's Saga, #2)",Orson Scott Card,"Card, Orson Scott",,812550757,9.78081E+12,0,4.07,Tor Books,Paperback,382,1994,1986,,10/06/2019,,,read,,,,1,,,0,,,,,
7720085,The Vicomte de Bragelone,Alexandre Dumas,"Dumas, Alexandre",,,2.94E+12,0,3.98,B&R Samizdat Express,Nook,0,2009,1847,,10/06/2019,,,read,,,,1,,,0,,,,,
1219103,"Five Weeks in a Balloon (Extraordinary Voyages, #1)",Jules Verne,"Verne, Jules",,1421820609,9.78142E+12,0,3.77,1st World Library - Literary Society,Hardcover,432,2006,1863,,09/06/2019,,,read,,,,1,,,0,,,,,
32827,"From the Earth to the Moon (Extraordinary Voyages, #4)",Jules Verne,"Verne, Jules",,1598184547,9.7816E+12,0,3.8,Aegypan,Paperback,136,2006,1865,,09/06/2019,,,read,,,,1,,,0,,,,,
32831,"The Mysterious Island (Extraordinary Voyages, #12)",Jules Verne,"Verne, Jules","Caleb Carr, Jordan Stump",812972120,9.78081E+12,0,4.11,Modern Library,Mass Market Paperback,723,2004,1865,,09/06/2019,,,read,,,,1,,,0,,,,,
390711,"Noble House (Asian Saga, #5)",James Clavell,"Clavell, James",,,,0,4.26,Dell,Mass Market Paperback,1376,1986,1981,,09/06/2019,,,read,,,,1,,,0,,,,,
15860,State of Fear,Michael Crichton,"Crichton, Michael",,,,0,3.71,Avon,Mass Market Paperback,672,2005,2004,,09/06/2019,,,read,,,,1,,,0,,,,,
112683,The Last King of Scotland,Giles Foden,"Foden, Giles",,375703314,9.78038E+12,0,3.78,Vintage,Paperback,352,1999,1998,,09/06/2019,,,read,,,,1,,,0,,,,,
10710770,Manhattan In Reverse,Peter F. Hamilton,"Hamilton, Peter F.",,230750303,9.78023E+12,0,3.98,MacMillan,Hardcover,260,2011,2011,,09/06/2019,,,read,,,,1,,,0,,,,,
7184,Twenty Years After (The D'Artagnan Romances #2),Alexandre Dumas,"Dumas, Alexandre","David Coward, Auguste Maquet",192838431,9.78019E+12,0,4.05,Oxford University Press,Paperback,788,1993,1845,,09/06/2019,,,read,,,,1,,,0,,,,,
102686,The Lawnmower Man: Stories from Night Shift,Stephen King,"King, Stephen",John  Glover,553476610,9.78055E+12,0,3.75,Random House Audio,Audio Cassette,0,1995,1995,,09/06/2019,,,read,,,,1,,,0,,,,,
18528453,Under the Dome: Part Two,Stephen King,"King, Stephen",,,,0,4.08,Pocket Books,Mass Market Paperback,624,2014,2009,,09/06/2019,,,read,,,,1,,,0,,,,,
15803680,A Face in the Crowd,Stephen King,"King, Stephen",Stewart O'Nan,1476713340,9.78148E+12,0,3.63,Scribner,ebook,50,2012,2012,,09/06/2019,,,read,,,,1,,,0,,,,,
18528452,Under the Dome: Part 1,Stephen King,"King, Stephen",,,,0,4.04,Pocket Books,Paperback,656,2014,2009,,09/06/2019,,,read,,,,1,,,0,,,,,
550844,Cycle of the Werewolf,Stephen King,"King, Stephen",Bernie Wrightson,451822196,9.78045E+12,0,3.66,Signet Books,Paperback,128,1985,1983,,09/06/2019,,,read,,,,1,,,0,,,,,
23512999,The Bazaar of Bad Dreams,Stephen King,"King, Stephen",,1501111671,9.7815E+12,0,3.92,Scribner,Hardcover,495,2015,2015,,09/06/2019,,,read,,,,1,,,0,,,,,
10607,"Black House (The Talisman, #2)",Stephen King,"King, Stephen",Peter Straub,034547063X,9.78035E+12,0,4.01,Ballantine Books,Paperback,688,2003,2001,,09/06/2019,,,read,,,,1,,,0,,,,,
22076,From a Buick 8,Stephen King,"King, Stephen",,743211375,9.78074E+12,0,3.46,Scribner,Hardcover,356,2002,2002,,09/06/2019,,,read,,,,1,,,0,,,,,
5413,'Salem's Lot,Stephen King,"King, Stephen",Jerry N. Uelsmann,385516487,9.78039E+12,0,4.25,Doubleday,Hardcover,594,2005,1975,,09/06/2019,,,read,,,,1,,,0,,,,,
10566,Lisey's Story,Stephen King,"King, Stephen",,743289412,9.78074E+12,0,3.68,Scribner,Hardcover,513,2006,2006,,09/06/2019,,,read,,,,1,,,0,,,,,
12341557,"The Wind Through the Keyhole (The Dark Tower, #4.5)",Stephen King,"King, Stephen",Jae Lee,,,0,4.15,Scribner,Kindle Edition,322,2012,2012,,09/06/2019,,,read,,,,1,,,0,,,,,
10611,The Eyes of the Dragon,Stephen King,"King, Stephen",,,,0,3.93,Time Warner Paperbacks,Paperback,427,1993,1987,,09/06/2019,,,read,,,,1,,,0,,,,,
813214,The Mist,Stephen King,"King, Stephen",,,,0,3.95,Signet,Paperback,230,2007,1980,,09/06/2019,,,read,,,,1,,,0,,,,,
7912007,"Full Dark, No Stars",Stephen King,"King, Stephen",,1439192561,9.78144E+12,0,4.05,Scribner,Hardcover,368,2010,2010,,09/06/2019,,,read,,,,1,,,0,,,,,
7278752,Dolores Claiborne,Stephen King,"King, Stephen",,1101138173,9.7811E+12,0,3.88,Signet Book,ebook,384,1993,1992,,09/06/2019,,,read,,,,1,,,0,,,,,
25526965,"End of Watch (Bill Hodges Trilogy, #3)",Stephen King,"King, Stephen",,1501129740,9.7815E+12,0,4.08,Scribner,Hardcover,432,2016,2016,,09/06/2019,,,read,,,,1,,,0,,,,,
5093,"Song of Susannah (The Dark Tower, #6)",Stephen King,"King, Stephen",Darrel Anderson,1416521496,,0,3.97,Pocket Books,Mass Market Paperback,544,2006,2004,,09/06/2019,,,read,,,,1,,,0,,,,,
32692,Gerald's Game,Stephen King,"King, Stephen",,831727527,9.78083E+12,0,3.54,Smithmark Publishers,Hardcover,332,1992,1992,,09/06/2019,,,read,,,,1,,,0,,,,,
23492589,"Finders Keepers (Bill Hodges Trilogy, #2)",Stephen King,"King, Stephen",,1501100076,9.7815E+12,0,4.04,Scribner,Hardcover,434,2015,2015,,09/06/2019,,,read,,,,1,,,0,,,,,
10628,Night Shift,Stephen King,"King, Stephen",John D. MacDonald,,,0,4.01,New English Library,Paperback,409,1979,1978,,09/06/2019,,,read,,,,1,,,0,,,,,
5096,"Wizard and Glass (The Dark Tower, #4)",Stephen King,"King, Stephen",Dave McKean,340829788,9.78034E+12,0,4.23,New English Library,Paperback,845,2003,1997,,09/06/2019,,,read,,,,1,,,0,,,,,
10589,Bag of Bones,Stephen King,"King, Stephen",,067102423X,9.78067E+12,0,3.91,Simon & Schuster Inc,Mass Market Paperback,736,1999,1998,,09/06/2019,,,read,,,,1,,,0,,,,,
10629,Christine,Stephen King,"King, Stephen",Marie Milpois,2253147699,9.78225E+12,0,3.79,LGF,Paperback,411,2001,1983,,09/06/2019,,,read,,,,1,,,0,,,,,
107291,Needful Things,Stephen King,"King, Stephen",,,,0,3.93,Hodder & Stoughton Ltd,Paperback,790,1992,1991,,09/06/2019,,,read,,,,1,,,0,,,,,
16130549,Doctor Sleep,Stephen King,"King, Stephen",,1476727651,9.78148E+12,0,4.11,Scribner,Hardcover,531,2013,2013,,09/06/2019,,,read,,,,1,,,0,,,,,
10603,Cujo,Stephen King,"King, Stephen",,307348245,9.78031E+12,0,3.74,Plaza y Janés,Paperback,432,2006,1981,,09/06/2019,,,read,,,,1,,,0,,,,,
18775247,"Mr. Mercedes (Bill Hodges Trilogy, #1)",Stephen King,"King, Stephen",,1476754454,9.78148E+12,0,3.96,Scribner,Hardcover,437,2014,2014,,09/06/2019,,,read,,,,1,,,0,,,,,
11590,'Salem's Lot,Stephen King,"King, Stephen",,450031063,9.78045E+12,0,4.03,New English Library,Paperback,483,1991,1975,,09/06/2019,,,read,,,,1,,,0,,,,,
33124137,Pet Sematary,Stephen King,"King, Stephen",,,,0,4.01,Scribner,Kindle Edition,580,2014,1983,,09/06/2019,,,read,,,,1,,,0,,,,,
7006562,Stephen King's N.,Marc Guggenheim,"Guggenheim, Marc","Alex Maleev, Stephen King",785134530,9.78079E+12,0,4.23,Marvel Comics,Hardcover,112,2010,2008,,09/06/2019,,,read,,,,1,,,0,,,,,
17344832,Comoara din insulă,Robert Louis Stevenson,"Stevenson, Robert Louis",,,,0,3.83,Editura Tineretului,Paperback,217,1954,1883,,09/06/2019,,,read,,,,1,,,0,,,,,
9014,The Long Walk,Richard Bachman,"Bachman, Richard",Stephen King,451196716,9.78045E+12,0,4.08,Signet,Paperback,370,1999,1979,,17/04/2019,,,read,,,,1,,,0,,,,,
278097,"Foundation / Foundation and Empire / Second Foundation / The Stars, Like Dust / The Naked Sun / I, Robot",Isaac Asimov,"Asimov, Isaac",,905712617,9.78091E+12,0,4.39,Octopus / Heinemann,Hardcover,864,1983,1981,,17/04/2019,,,read,,,,1,,,0,,,,,
13497,"A Feast for Crows (A Song of Ice and Fire, #4)",George R.R. Martin,"Martin, George R.R.",,055358202X,9.78055E+12,0,4.14,Bantam Books,Mass Market Paperback,1061,2011,2005,,17/04/2019,,,read,,,,1,,,0,,,,,
10664113,"A Dance with Dragons (A Song of Ice and Fire, #5)",George R.R. Martin,"Martin, George R.R.",,,,0,4.32,Bantam,Kindle Edition,1125,2011,2011,,17/04/2019,,,read,,,,1,,,0,,,,,
7332,The Silmarillion,J.R.R. Tolkien,"Tolkien, J.R.R.","Christopher Tolkien, Ted Nasmith",618391118,9.78062E+12,0,3.93,Houghton Mifflin Company,Hardcover,386,2004,1977,,17/04/2019,,,read,,,,1,,,0,,,,,
30016,"The Naked Sun (Robot, #2)",Isaac Asimov,"Asimov, Isaac",Chris     Moore,,,0,4.16,HarperCollins Publishers,Mass Market Paperback,208,1996,1956,,17/04/2019,,,read,,,,1,,,0,,,,,
29582,Foundation and Earth (Foundation #5),Isaac Asimov,"Asimov, Isaac",,553587579,9.78055E+12,0,4.06,Spectra,Paperback,500,2004,1986,,17/04/2019,,,read,,,,1,,,0,,,,,
10572,"A Clash of Kings  (A Song of Ice and Fire, #2)",George R.R. Martin,"Martin, George R.R.",,553381695,9.78055E+12,0,4.41,Bantam,Paperback,969,2002,1998,,17/04/2019,,,read,,,,1,,,0,,,,,
76683,Foundation's Edge (Foundation #4),Isaac Asimov,"Asimov, Isaac",,553293389,9.78055E+12,0,4.14,Bantam/Spectra,Paperback,450,2010,1982,,17/04/2019,,,read,,,,1,,,0,,,,,
13642,"A Wizard of Earthsea (Earthsea Cycle, #1)",Ursula K. Le Guin,"Guin, Ursula K. Le",,553383043,9.78055E+12,0,3.99,,Paperback,183,2004,1968,,17/04/2019,,,read,,,,1,,,0,,,,,
62291,"A Storm of Swords (A Song of Ice and Fire, #3)",George R.R. Martin,"Martin, George R.R.",,055357342X,9.78055E+12,0,4.53,Bantam,Mass Market Paperback,1177,2003,2000,,17/04/2019,,,read,,,,1,,,0,,,,,
40792913,"Altered Carbon (Takeshi Kovacs, #1)",Richard K. Morgan,"Morgan, Richard K.",,,,0,4.05,Del Rey,Kindle Edition,544,2018,2002,,17/04/2019,,,read,,,,1,,,0,,,,,
17184,The Invisible Man,H.G. Wells,"Wells, H.G.",,451528522,9.78045E+12,0,3.64,Signet Classics,Paperback,192,2002,1897,,17/04/2019,,,read,,,,1,,,0,,,,,
29580,Second Foundation (Foundation #3),Isaac Asimov,"Asimov, Isaac",,553803735,9.78055E+12,0,4.25,Bantam Spectra,Hardcover,256,2004,1953,,17/04/2019,,,read,,,,1,,,0,,,,,
18373,Flowers for Algernon,Daniel Keyes,"Keyes, Daniel",,,,0,4.15,Harvest Books,Paperback,311,2005,1966,,17/04/2019,,,read,,,,1,,,0,,,,,
46654,"The Foundation Trilogy (Foundation, #1-3)",Isaac Asimov,"Asimov, Isaac",,380508567,9.78038E+12,0,4.41,,Paperback,679,1974,1953,,17/04/2019,,,read,,,,1,,,0,,,,,
581125,The Minority Report,Philip K. Dick,"Dick, Philip K.",,375421874,9.78038E+12,0,3.85,Pantheon Books,Hardcover,103,2002,1956,,17/04/2019,,,read,,,,1,,,0,,,,,
59219,"The Talisman (The Talisman, #1)",Stephen King,"King, Stephen",Peter Straub,375507779,9.78038E+12,0,4.13,Random House,Hardcover,656,2001,1984,,17/04/2019,,,read,,,,1,,,0,,,,,
287861,"Mortal Engines (The Hungry City Chronicles, #1)",Philip Reeve,"Reeve, Philip",,60082097,9.78006E+12,0,3.78,Harper Collins US UK,Paperback,326,2004,2001,,17/04/2019,,,read,,,,1,,,0,,,,,
6148028,"Catching Fire (The Hunger Games, #2)",Suzanne Collins,"Collins, Suzanne",,439023491,9.78044E+12,0,4.29,Scholastic Press,Hardcover,391,2009,2009,,17/04/2019,,,read,,,,1,,,0,,,,,
29981,The Island of Doctor Moreau,H.G. Wells,"Wells, H.G.",,553214322,9.78055E+12,0,3.73,Bantam Classics,Paperback,153,1994,1896,,17/04/2019,,,read,,,,1,,,0,,,,,
20170404,Station Eleven,Emily St. John Mandel,"Mandel, Emily St. John",,385353308,9.78039E+12,0,4.05,Knopf,Hardcover,333,2014,2014,,17/04/2019,,,read,,,,1,,,0,,,,,
9969571,"Ready Player One (Ready Player One, #1)",Ernest Cline,"Cline, Ernest",,030788743X,9.78031E+12,0,4.25,Crown Publishers,Hardcover,374,2011,2011,,17/04/2019,,,read,,,,1,,,0,,,,,
32670125,The Clockwork Dynasty,Daniel H. Wilson,"Wilson, Daniel H.","Claire Coffee, David Giuntoli",1524781444,9.78152E+12,0,3.65,Books on Tape,Audio CD,320,2017,2017,,17/04/2019,,,read,,,,1,,,0,,,,,
40048442,Permafrost,Alastair Reynolds,"Reynolds, Alastair",,,,0,3.91,Tor.com,Kindle Edition,192,2019,2019,,26/02/2019,to-read,to-read (#9),to-read,,,,0,,,0,,,,,
6424171,"Jurassic Park (Jurassic Park, #1)",Michael Crichton,"Crichton, Michael",,345370775,9.78035E+12,4,4.04,Ballantine Books,Mass Market Paperback,416,1991,1990,,25/04/2017,,,read,,,,1,,,0,,,,,
10592,Carrie,Stephen King,"King, Stephen",Sissy Spacek,1416524304,9.78142E+12,5,3.97,Pocket Books,Mass Market Paperback,253,2005,1974,,20/10/2017,,,read,,,,1,,,0,,,,,
5091,"The Dark Tower (The Dark Tower, #7)",Stephen King,"King, Stephen",Michael Whelan,,,5,4.24,Pocket Books,Paperback,1050,2006,2004,,29/09/2017,,,read,,,,1,,,0,,,,,
656420,"Wolves of the Calla (The Dark Tower, #5)",Stephen King,"King, Stephen",Bernie Wrightson,,,5,4.16,Donald M. Grant Publishers,Hardcover,714,2003,2003,,29/09/2017,,,read,,,,1,,,0,,,,,
5094,"The Drawing of the Three (The Dark Tower, #2)",Stephen King,"King, Stephen",,451210859,9.78045E+12,5,4.21,Signet,Paperback,463,2003,1987,,29/09/2017,,,read,,,,1,,,0,,,,,
17235026,"The Girl with All the Gifts (The Girl with All the Gifts, #1)",M.R. Carey,"Carey, M.R.",,356500152,9.78036E+12,5,3.94,Orbit ,Paperback,461,2014,2014,,29/09/2017,,,read,,,,1,,,0,,,,,
10567,Cell,Stephen King,"King, Stephen",,1416524517,9.78142E+12,5,3.66,Pocket Star Books,Mass Market Paperback,449,2006,2006,,29/09/2017,,,read,,,,1,,,0,,,,,
14064,I Am Legend,Richard Matheson,"Matheson, Richard",,1857988094,9.78186E+12,5,4.07,Millennium,Paperback,160,1999,1954,,29/09/2017,,,read,,,,1,,,0,,,,,
34084,"The Waste Lands (The Dark Tower, #3)",Stephen King,"King, Stephen",Ned Dameron,670032565,9.78067E+12,5,4.22,Viking Adult,Hardcover,422,2003,1991,,29/09/2017,,,read,,,,1,,,0,,,,,
7082,"Do Androids Dream of Electric Sheep? (Blade Runner, #1)",Philip K. Dick,"Dick, Philip K.",Roger Zelazny,345404475,9.78035E+12,5,4.08,Del Rey / Ballantine Books,Paperback,244,1996,1968,,29/09/2017,,,read,,,,1,,,0,,,,,
29570143,New York 2140,Kim Stanley Robinson,"Robinson, Kim Stanley",,031626234X,9.78032E+12,0,3.56,Orbit,Hardcover,624,2017,2017,,29/09/2017,to-read,to-read (#8),to-read,,,,0,,,0,,,,,
24942688,"Assassin's Fate (The Fitz and the Fool, #3)",Robin Hobb,"Hobb, Robin",,7444257,9.78001E+12,0,4.64,HarperCollins Publishers,Hardcover,853,2017,2017,,29/09/2017,,,read,,,,1,,,0,,,,,
16096968,"The Core (The Demon Cycle, #5)",Peter V. Brett,"Brett, Peter V.",,345531507,9.78035E+12,5,4.17,Del Rey,Hardcover,781,2017,2017,,29/09/2017,,,read,,,,1,,,0,,,,,
25353286,Provenance,Ann Leckie,"Leckie, Ann",,,,0,3.84,Orbit,Kindle Edition,481,2017,2017,,29/09/2017,to-read,to-read (#7),to-read,,,,0,,,0,,,,,
33503613,Machine Learning: New and Collected Stories,Hugh Howey,"Howey, Hugh",,1328767523,9.78133E+12,0,4.05,John Joseph Adams/Mariner Books,Paperback,352,2017,2017,,29/09/2017,to-read,to-read (#6),to-read,,,,0,,,0,,,,,
34817927,"Star Wars: From a Certain Point of View (From a Certain Point of View, #1)",Elizabeth Schaefer,"Schaefer, Elizabeth","Ben Acker, Tom Angleberger, Jonathan Davis, Ben Blacker, Janina Gavankar, Jeffrey Brown, Jon Hamm, Jason Fry, Neil Patrick Harris, Christie Golden, January LaVoy, Saskia Maarleveld, Pierce Brown, Carol Monda, Ashley Eckstein, Mur Lafferty, Marc Thompson, Ken Liu, Griffin McElroy, John Jackson Miller, Kelly Sue DeConnick, Nnedi Okorafor, Daniel José Older, Ian Doescher, Mallory Ortberg, Madeleine Roux, Gary D. Schmidt, Matt Fraction, Cavan Scott, Sabaa Tahir, Kieron Gillen, Glen Weldon, Chuck Wendig, Gary Whitta, Meg Cabot, Pablo Hidalgo, Adam Christopher, Rae Carson, Zoraida Córdova, Delilah S. Dawson, Paul Dini, Alexander Freed, Claudia Gray, E.K. Johnston, Paul S. Kemp, Elizabeth Wein, Beth Revis, Greg Rucka, Charles Soule, Wil Wheaton, Renée Ahdieh",345511476,9.78035E+12,0,3.93,Del Rey,Hardcover,477,2017,2017,,29/09/2017,to-read,to-read (#5),to-read,,,,0,,,0,,,,,
22374216,"The Farseer Trilogy 3-Book Bundle: Assassin's Apprentice, Royal Assassin, Assassin's Quest",Robin Hobb,"Hobb, Robin",,,,4,4.38,Del Rey,Kindle Edition,1952,2014,2011,,07/09/2017,,,read,,,,1,,,0,,,,,
944073,"The Blade Itself (The First Law, #1)",Joe Abercrombie,"Abercrombie, Joe",,575079797,9.78058E+12,4,4.16,Gollancz,Paperback,515,2007,2006,,07/09/2017,,,read,,,,1,,,0,,,,,
41865,"Twilight (Twilight, #1)",Stephenie Meyer,"Meyer, Stephenie",,316015849,9.78032E+12,2,3.61,"Little, Brown and Company",Paperback,501,2006,2005,,07/09/2017,,,read,,,,1,,,0,,,,,
7661,Next,Michael Crichton,"Crichton, Michael",,60872985,9.78006E+12,5,3.53,Harper,Hardcover,431,2006,2006,,07/09/2017,,,read,,,,1,,,0,,,,,
7679,The Terminal Man,Michael Crichton,"Crichton, Michael",,60092572,9.78006E+12,5,3.37,Avon,Paperback,266,2002,1972,,07/09/2017,,,read,,,,1,,,0,,,,,
6428887,Pirate Latitudes,Michael Crichton,"Crichton, Michael",,61929379,9.78006E+12,5,3.45,Harper,Hardcover,312,2009,2009,,07/09/2017,,,read,,,,1,,,0,,,,,
7667,Airframe,Michael Crichton,"Crichton, Michael",,99556316,9.7801E+12,4,3.72,Arrow Books,Paperback,431,2006,1996,,07/09/2017,,,read,,,,1,,,0,,,,,
24019186,"The Bands of Mourning (Mistborn, #6)",Brandon Sanderson,"Sanderson, Brandon",,765378574,9.78077E+12,0,4.39,Tor Books,Hardcover,447,2016,2016,,07/09/2017,to-read,to-read (#4),to-read,,,,0,,,0,,,,,
28439513,"A Night Without Stars (Commonwealth Universe, #7)",Peter F. Hamilton,"Hamilton, Peter F.",,345547225,9.78035E+12,0,4.42,Del Rey,Hardcover,704,2016,2016,,07/09/2017,to-read,to-read (#3),to-read,,,,0,,,0,,,,,
27276118,"Ninefox Gambit (The Machineries of Empire, #1)",Yoon Ha Lee,"Lee, Yoon Ha",,1781084491,9.78178E+12,0,3.83,Solaris,Paperback,319,2016,2016,,07/09/2017,to-read,to-read (#2),to-read,,,,0,,,0,,,,,
34928122,Artemis,Andy Weir,"Weir, Andy",,553448129,9.78055E+12,0,3.67,Crown,Hardcover,305,2017,2017,,07/09/2017,to-read,to-read (#1),to-read,,,,0,,,0,,,,,
2956,The Adventures of Huckleberry Finn,Mark Twain,"Twain, Mark","Guy Cardwell, John Seelye, Walter Trier",142437174,9.78014E+12,5,3.82,Penguin Classics,Paperback,327,2002,1884,,05/09/2017,,,read,,,,1,,,0,,,,,
4381,Fahrenheit 451,Ray Bradbury,"Bradbury, Ray",Alfredo Crespo,307347974,9.78031E+12,4,3.99,DeBolsillo,Mass Market Paperback,175,2004,1953,,05/09/2017,,,read,,,,1,,,0,,,,,
11127,"The Chronicles of Narnia (Chronicles of Narnia, #1-7)",C.S. Lewis,"Lewis, C.S.",Pauline Baynes,,,4,4.26,HarperCollins,Paperback,767,2002,1956,,05/09/2017,,,read,,,,1,,,0,,,,,
11081370,"To Protect (I, Robot: Reichert #1)",Mickey Zucker Reichert,"Reichert, Mickey Zucker",,451464192,9.78045E+12,4,3.87,Roc Hardcover,Hardcover,400,2011,2011,,05/09/2017,,,read,,,,1,,,0,,,,,
77711,"A Fire Upon the Deep (Zones of Thought, #1)",Vernor Vinge,"Vinge, Vernor",,812515285,9.78081E+12,5,4.13,Tor Science Fiction,Mass Market Paperback,613,2010,1992,,05/09/2017,,,read,,,,1,,,0,,,,,
17162149,"Crux (Nexus, #2)",Ramez Naam,"Naam, Ramez",,857662961,9.78086E+12,5,4.13,Angry Robot,Paperback,512,2013,2013,,25/04/2017,,,read,,,,1,,,0,,,,,
32542,"A Time to Kill (Jake Brigance, #1)",John Grisham,"Grisham, John",,,,5,4.08,Dell,Paperback,515,2004,1989,,28/05/2017,,,read,,,,1,,,0,,,,,
54479,Around the World in Eighty Days,Jules Verne,"Verne, Jules","Michael Glencross, Brian W. Aldiss",014044906X,9.78014E+12,4,3.94,Penguin Books ,Paperback,252,2004,1872,,28/05/2017,,,read,,,,1,,,0,,,,,
39662,Different Seasons,Stephen King,"King, Stephen",,751514624,9.78075E+12,5,4.34,Warner Books,Mass Market Paperback,560,1995,1982,,28/05/2017,,,read,,,,1,,,0,,,,,
18342,It,Stephen King,"King, Stephen",,451169514,9.78045E+12,5,4.24,Signet,Mass Market Paperback,1090,2002,1986,,28/05/2017,,,read,,,,1,,,0,,,,,
11588,The Shining,Stephen King,"King, Stephen",,450040186,9.78045E+12,4,4.24,New English Library (Hodder & Stoughton) ,Paperback,659,1980,1977,,28/05/2017,,,read,,,,1,,,0,,,,,
960,"Angels & Demons (Robert Langdon, #1)",Dan Brown,"Brown, Dan",,1416524797,9.78142E+12,4,3.91,Pocket Books,Mass Market Paperback,736,2006,2000,,28/05/2017,,,read,,,,1,,,0,,,,,
16304,"Murder on the Orient Express (Hercule Poirot, #10)",Agatha Christie,"Christie, Agatha",,425200450,9.78043E+12,5,4.18,Berkley,Paperback,322,2004,1934,,28/05/2017,,,read,,,,1,,,0,,,,,
22034,"The Godfather (The Godfather, #1)",Mario Puzo,"Puzo, Mario","Robert Thompson, Peter Bart",,,5,4.36,NAL,Paperback,448,2002,1969,,28/05/2017,,,read,,,,1,,,0,,,,,
2932,Robinson Crusoe (Robinson Crusoe #1),Daniel Defoe,"Defoe, Daniel","Virginia Woolf, Franciszek Mirandola",,,5,3.68,Modern Library,Paperback,320,2001,1719,,28/05/2017,,,read,,,,1,,,0,,,,,
43763,"Interview with the Vampire (The Vampire Chronicles, #1)",Anne Rice,"Rice, Anne",,345476875,9.78035E+12,4,4,Ballantine Books,Paperback,342,2004,1976,,28/05/2017,,,read,,,,1,,,0,,,,,
7260188,"Mockingjay (The Hunger Games, #3)",Suzanne Collins,"Collins, Suzanne",,439023513,9.78044E+12,5,4.05,Scholastic Press,Hardcover,398,2010,2010,,28/05/2017,,,read,,,,1,,,0,,,,,
7190,"The Three Musketeers (The D'Artagnan Romances, #1)",Alexandre Dumas,"Dumas, Alexandre",,,,5,4.07,Modern Library,Paperback,625,2001,1844,,28/05/2017,,,read,,,,1,,,0,,,,,
1852,The Call of the Wild,Jack London,"London, Jack",Avi,439227143,9.78044E+12,3,3.88,Scholastic,Mass Market Paperback,172,2001,1903,,28/05/2017,,,read,,,,1,,,0,,,,,
968,"The Da Vinci Code (Robert Langdon, #2)",Dan Brown,"Brown, Dan",,,,5,3.87,Anchor,Paperback,489,2006,2003,,28/05/2017,,,read,,,,1,,,0,,,,,
46787,Uncle Tom's Cabin,Harriet Beecher Stowe,"Stowe, Harriet Beecher",,,,4,3.87,Wordsworth Classics,Paperback,438,1999,1851,,28/05/2017,,,read,,,,1,,,0,,,,,
7126,The Count of Monte Cristo,Alexandre Dumas,"Dumas, Alexandre",Robin Buss,140449264,9.78014E+12,4,4.26,Penguin Classics,Paperback,1138,2003,1844,,28/05/2017,,,read,,,,1,,,0,,,,,
24583,The Adventures of Tom Sawyer,Mark Twain,"Twain, Mark","Guy Cardwell, John Seelye",143039563,9.78014E+12,5,3.92,Penguin Classics,Paperback,244,2006,1876,,28/05/2017,,,read,,,,1,,,0,,,,,
100915,"The Lion, the Witch and the Wardrobe (Chronicles of Narnia, #1)",C.S. Lewis,"Lewis, C.S.",,,,4,4.22,HarperCollins Publishers,Paperback,206,2005,1950,,28/05/2017,,,read,,,,1,,,0,,,,,
5479,Brave New World / Brave New World Revisited,Aldous Huxley,"Huxley, Aldous",Christopher Hitchens,60776099,9.78006E+12,5,4.17,Harper Perennial Modern Classics,Paperback,340,2005,1958,,28/05/2017,,,read,,,,1,,,0,,,,,
2767052,"The Hunger Games (The Hunger Games, #1)",Suzanne Collins,"Collins, Suzanne",,439023483,9.78044E+12,5,4.32,Scholastic Press,Hardcover,374,2008,2008,,28/05/2017,,,read,,,,1,,,0,,,,,
5107,The Catcher in the Rye,J.D. Salinger,"Salinger, J.D.",,316769177,9.78032E+12,2,3.81,Back Bay Books,Paperback,277,2001,1951,,28/05/2017,,,read,,,,1,,,0,,,,,
149049,The Fountains of Paradise,Arthur C. Clarke,"Clarke, Arthur C.",,446677949,9.78045E+12,4,3.96,Aspect,Paperback,352,2001,1979,,28/05/2017,,,read,,,,1,,,0,,,,,
21611,"The Forever War (The Forever War, #1)",Joe Haldeman,"Haldeman, Joe",,60510862,9.78006E+12,5,4.14,Voyager,Paperback,278,2003,1974,,28/05/2017,,,read,,,,1,,,0,,,,,
15768160,Do Światła (Uniwersum «Metro 2033»),Andrey Dyakov,"Dyakov, Andrey","Илья Яцкевич, Paweł Podmiotko",,9.78836E+12,5,3.84,Insignis,Paperback,326,2012,2010,,28/05/2017,,,read,,,,1,,,0,,,,,
342445,The Dark Tower: The Gunslinger Born,Peter David,"David, Peter","Robin Furth, Jae Lee, Richard Isanove, Stephen King",785121447,9.78079E+12,5,4.21,Marvel Comics,Hardcover,240,2007,2006,,28/05/2017,,,read,,,,1,,,0,,,,,
16045091,"Reviver (Reviver Trilogy, #1)",Seth Patrick,"Patrick, Seth",,1250021707,9.78125E+12,5,3.6,Thomas Dunne Books,Hardcover,406,2013,,,25/04/2017,,,read,,,,1,,,0,,,,,
20926278,Revival,Stephen King,"King, Stephen",,1476770387,9.78148E+12,5,3.78,Scribner Book Company,Hardcover,405,2014,2014,,25/04/2017,,,read,,,,1,,,0,,,,,
11125,Digital Fortress,Dan Brown,"Brown, Dan",,,,4,3.67,Corgi books,Paperback,510,2004,1998,,25/04/2017,,,read,,,,1,,,0,,,,,
17212231,"Inferno (Robert Langdon, #4)",Dan Brown,"Brown, Dan",,385537859,9.78039E+12,4,3.86,Doubleday,Hardcover,463,2013,2013,,25/04/2017,,,read,,,,1,,,0,,,,,
893590,"Diamond Dogs, Turquoise Days",Alastair Reynolds,"Reynolds, Alastair",,575075163,9.78058E+12,5,3.97,Gollancz,Paperback,231,2003,2003,,25/04/2017,,,read,,,,1,,,0,,,,,
7745031,"Zero History (Blue Ant, #3)",William Gibson,"Gibson, William",,399156828,9.7804E+12,4,3.95,Putnam Adult,Hardcover,404,2010,2010,,25/04/2017,,,read,,,,1,,,0,,,,,
18490786,"Robogenesis (Robopocalypse, #2)",Daniel H. Wilson,"Wilson, Daniel H.",,385537093,9.78039E+12,5,3.7,Doubleday,Hardcover,362,2014,2014,,25/04/2017,,,read,,,,1,,,0,,,,,
3428935,"The Warded Man (Demon Cycle, #1)",Peter V. Brett,"Brett, Peter V.",,345503805,9.78035E+12,5,4.23,Random House,Hardcover,416,2009,2008,,25/04/2017,,,read,,,,1,,,0,,,,,
22926906,"Apex (Nexus, #3)",Ramez Naam,"Naam, Ramez",,857664026,9.78086E+12,5,4.17,Angry Robot,ebook,608,2015,2015,,25/04/2017,,,read,,,,1,,,0,,,,,
156780,Schild's Ladder,Greg Egan,"Egan, Greg",,006107344X,9.78006E+12,4,3.94,Eos,Paperback,352,2004,2002,,25/04/2017,,,read,,,,1,,,0,,,,,
64818,"Reflex (Jumper, #2)",Steven Gould,"Gould, Steven",,812578546,9.78081E+12,3,3.97,Tor Science Fiction,Paperback,380,2005,2004,,25/04/2017,,,read,,,,1,,,0,,,,,
18114057,Influx,Daniel Suarez,"Suarez, Daniel",,525953183,9.78053E+12,4,3.92,Dutton,Hardcover,406,2014,2014,,25/04/2017,,,read,,,,1,,,0,,,,,
12678461,Amped,Daniel H. Wilson,"Wilson, Daniel H.",,385535155,9.78039E+12,4,3.48,Doubleday,Hardcover,274,2012,2012,,25/04/2017,,,read,,,,1,,,0,,,,,
721419,The City of Ember,Jeanne DuPrau,"DuPrau, Jeanne",Wendy Dillon,739331671,9.78074E+12,5,3.86,Listening Library (Audio),Audio CD,7,2006,2003,,25/04/2017,,,read,,,,1,,,0,,,,,
7747374,"I Am Number Four (Lorien Legacies, #1)",Pittacus Lore,"Lore, Pittacus",,61969559,9.78006E+12,5,3.93,HarperCollins,Hardcover,440,2010,2010,,25/04/2017,,,read,,,,1,,,0,,,,,
5558786,"Metro 2033 (Metro, #1)",Dmitry Glukhovsky,"Glukhovsky, Dmitry",M. David Drevs,3453532988,9.78345E+12,5,4,Heyne Verlag,Paperback,764,2008,2002,,25/04/2017,,,read,,,,1,,,0,,,,,
7134997,Terminal World,Alastair Reynolds,"Reynolds, Alastair",,441018661,9.78044E+12,4,3.74,Ace Books,Hardcover,487,2010,2010,,25/04/2017,,,read,,,,1,,,0,,,,,
6320534,Under the Dome,Stephen King,"King, Stephen",,1439148503,9.78144E+12,3,3.91,Scribner,Hardcover,1074,2009,2009,,25/04/2017,,,read,,,,1,,,0,,,,,
9634967,"Robopocalypse (Robopocalypse, #1)",Daniel H. Wilson,"Wilson, Daniel H.",,385533853,9.78039E+12,5,3.69,Doubleday,Audiobook,347,2011,2011,,25/04/2017,,,read,,,,1,,,0,,,,,
22320,"Pattern Recognition (Blue Ant, #1)",William Gibson,"Gibson, William",,425198685,9.78043E+12,5,3.85,Berkley Books,Mass Market Paperback,367,2005,2003,,25/04/2017,,,read,,,,1,,,0,,,,,
10644930,11/22/63,Stephen King,"King, Stephen",,1451627289,9.78145E+12,5,4.3,Scribner,Hardcover,849,2011,2011,,25/04/2017,,,read,,,,1,,,0,,,,,
761154,The Reality Dysfunction 1: Emergence (Night's Dawn 1),Peter F. Hamilton,"Hamilton, Peter F.",,446605158,9.78045E+12,5,4.26,Warner Books Inc,Mass Market Paperback,592,1997,1997,,24/04/2017,,,read,,,,1,,,0,,,,,
50851,Farmer in the Sky,Robert A. Heinlein,"Heinlein, Robert A.",,345324382,9.78035E+12,4,3.76,Del Rey,Mass Market Paperback,224,1975,1950,,24/04/2017,,,read,,,,1,,,0,,,,,
5367,"The Great Book of Amber (The Chronicles of Amber, #1-10)",Roger Zelazny,"Zelazny, Roger",Tim          White,380809060,9.78038E+12,5,4.31,Avon-Eos,Paperback,1258,1999,1999,,24/04/2017,,,read,,,,1,,,0,,,,,
157993,The Little Prince,Antoine de Saint-Exupéry,"Saint-Exupéry, Antoine de","Richard Howard, ابوالحسن نجفی, Ivan Minatti, Nguyễn Thành Vũ",,,4,4.31,"Harcourt, Inc.",Paperback,93,2000,1943,,24/04/2017,,,read,,,,1,,,0,,,,,
337132,Flashforward,Robert J. Sawyer,"Sawyer, Robert J.",,812580346,9.78081E+12,4,3.64,Tor Books,Paperback,320,2000,1999,,24/04/2017,,,read,,,,1,,,0,,,,,
43615,The Gunslinger,Stephen King,"King, Stephen",,,,5,3.94,Plume,Paperback,231,2003,1982,,24/04/2017,,,read,,,,1,,,0,,,,,
479561,"The Neutronium Alchemist (Night's Dawn, #2)",Peter F. Hamilton,"Hamilton, Peter F.",,330351435,9.78033E+12,5,4.26,Pan Books,Paperback,1273,1998,1997,,24/04/2017,,,read,,,,1,,,0,,,,,
47970,"Jumper (Jumper, #1)",Steven Gould,"Gould, Steven",,765342286,9.78077E+12,4,3.91,Starscape,Paperback,345,2002,1992,,24/04/2017,,,read,,,,1,,,0,,,,,
816,Cryptonomicon,Neal Stephenson,"Stephenson, Neal",,,,5,4.24,Avon,Mass Market Paperback,1152,2002,1999,,24/04/2017,,,read,,,,1,,,0,,,,,
92121,Nine Princes in Amber (The Chronicles of Amber #1),Roger Zelazny,"Zelazny, Roger",Tim          White,380014300,9.78038E+12,5,4.05,Avon,Mass Market Paperback,175,1986,1970,,24/04/2017,,,read,,,,1,,,0,,,,,
17245,Dracula,Bram Stoker,"Stoker, Bram","Nina Auerbach, David J. Skal",393970124,9.78039E+12,4,4,Norton,Paperback,488,1986,1897,,24/04/2017,,,read,,,,1,,,0,,,,,
77504,"Blue Mars (Mars Trilogy, #3)",Kim Stanley Robinson,"Robinson, Kim Stanley",,553573357,9.78055E+12,5,3.94,Bantam Doubleday Dell Publishing Group Ltd.,Mass Market Paperback,768,1997,1996,,24/04/2017,,,read,,,,1,,,0,,,,,
77505,"Green Mars (Mars Trilogy, #2)",Kim Stanley Robinson,"Robinson, Kim Stanley",,553572393,9.78055E+12,5,3.94,Spectra Books,Mass Market Paperback,624,1993,1993,,24/04/2017,,,read,,,,1,,,0,,,,,
16683,"Tunnel in the Sky (Heinlein's Juveniles, #9)",Robert A. Heinlein,"Heinlein, Robert A.",,1416505512,9.78142E+12,4,3.94,Pocket Books,Paperback,262,2005,1955,,24/04/2017,,,read,,,,1,,,0,,,,,
22200,"Count Zero (Sprawl, #2)",William Gibson,"Gibson, William",,441013678,9.78044E+12,4,4.01,Ace Books,Paperback,308,2006,1986,,24/04/2017,,,read,,,,1,,,0,,,,,
45107,"Assassin's Apprentice (Farseer Trilogy, #1)",Robin Hobb,"Hobb, Robin",,6480098,9.78001E+12,5,4.15,Voyager,Mass Market Paperback,460,1996,1995,,24/04/2017,,,read,,,,1,,,0,,,,,
16689,Citizen of the Galaxy,Robert A. Heinlein,"Heinlein, Robert A.",,1416505520,9.78142E+12,5,4,Pocket Books: Gallery Books,Paperback,288,2005,1957,,24/04/2017,,,read,,,,1,,,0,,,,,
14185,The Three Stigmata of Palmer Eldritch,Philip K. Dick,"Dick, Philip K.",,1407247425,9.78141E+12,5,4.01,Gollancz,Paperback,231,2010,1965,,24/04/2017,,,read,,,,1,,,0,,,,,
7171856,The Puppet Masters,Robert A. Heinlein,"Heinlein, Robert A.",,143913376X,9.78144E+12,4,3.88,Baen,Paperback,416,2010,1951,,24/04/2017,,,read,,,,1,,,0,,,,,
45245,"The Reality Dysfunction (Night's Dawn, #1)",Peter F. Hamilton,"Hamilton, Peter F.",,330340328,9.78033E+12,5,4.13,Pan Books,Mass Market Paperback,1223,1997,1996,,24/04/2017,,,read,,,,1,,,0,,,,,
41821,The Gods Themselves,Isaac Asimov,"Asimov, Isaac",,1857989341,9.78186E+12,5,4.09,Millenium,Paperback,288,2000,1972,,24/04/2017,,,read,,,,1,,,0,,,,,
45252,"Pandora's Star (Commonwealth Saga, #1)",Peter F. Hamilton,"Hamilton, Peter F.",Marta García Martínez,345461622,9.78035E+12,4,4.23,Del Rey,Hardcover,768,2005,2004,,24/04/2017,,,read,,,,1,,,0,,,,,
15881,"Harry Potter and the Chamber of Secrets (Harry Potter, #2)",J.K. Rowling,"Rowling, J.K.",Mary GrandPré,439064864,9.78044E+12,4,4.43,Arthur A. Levine Books,Hardcover,341,1999,1998,,24/04/2017,,,read,,,,1,,,0,,,,,
6,"Harry Potter and the Goblet of Fire (Harry Potter, #4)",J.K. Rowling,"Rowling, J.K.",Mary GrandPré,,,5,4.56,Scholastic,Paperback,734,2002,2000,,24/04/2017,,,read,,,,1,,,0,,,,,
13496,"A Game of Thrones (A Song of Ice and Fire, #1)",George R.R. Martin,"Martin, George R.R.",,553588486,9.78055E+12,5,4.44,Bantam,Mass Market Paperback,835,2005,1996,,24/04/2017,,,read,,,,1,,,0,,,,,
2,"Harry Potter and the Order of the Phoenix (Harry Potter, #5)",J.K. Rowling,"Rowling, J.K.",Mary GrandPré,,,4,4.5,Scholastic Inc.,Paperback,870,2004,2003,,24/04/2017,,,read,,,,1,,,0,,,,,
136251,"Harry Potter and the Deathly Hallows (Harry Potter, #7)",J.K. Rowling,"Rowling, J.K.",,,,4,4.62,Arthur A. Levine Books,Hardcover,759,2007,2007,,24/04/2017,,,read,,,,1,,,0,,,,,
1,"Harry Potter and the Half-Blood Prince (Harry Potter, #6)",J.K. Rowling,"Rowling, J.K.",,,,5,4.57,Scholastic Inc.,Paperback,652,2006,2005,,24/04/2017,,,read,,,,1,,,0,,,,,
5,"Harry Potter and the Prisoner of Azkaban (Harry Potter, #3)",J.K. Rowling,"Rowling, J.K.",Mary GrandPré,043965548X,9.78044E+12,5,4.57,Scholastic Inc.,Mass Market Paperback,435,2004,1999,,24/04/2017,,,read,,,,1,,,0,,,,,
13152,"The Angel Experiment (Maximum Ride, #1)",James Patterson,"Patterson, James",,446617792,9.78045E+12,3,4.07,Grand Central Publishing,Mass Market Paperback,445,2006,2005,,24/04/2017,,,read,,,,1,,,0,,,,,
5907,"The Hobbit, or There and Back Again",J.R.R. Tolkien,"Tolkien, J.R.R.",,618260307,9.78062E+12,2,4.28,Houghton Mifflin,Paperback,366,2002,1937,,24/04/2017,,,read,,,,1,,,0,,,,,
455373,Sphere,Michael Crichton,"Crichton, Michael",,,,5,3.81,Ballantine Books,Paperback,371,1997,1987,,24/04/2017,,,read,,,,1,,,0,,,,,
41811,The Caves of Steel (Robot #1),Isaac Asimov,"Asimov, Isaac",,,,5,4.18,Voyager,Mass Market Paperback,206,1997,1954,,24/04/2017,,,read,,,,1,,,0,,,,,
4407,"American Gods (American Gods, #1)",Neil Gaiman,"Gaiman, Neil",,,,3,4.1,Headline Review,Paperback,635,2005,2001,,24/04/2017,,,read,,,,1,,,0,,,,,
95558,Solaris,Stanisław Lem,"Lem, Stanisław","Joanna Kilmartin, Mehmet Aközer, Steve Cox",,,2,3.99,Harcourt,Paperback,204,2002,1961,,24/04/2017,,,read,,,,1,,,0,,,,,
77507,"Red Mars (Mars Trilogy, #1)",Kim Stanley Robinson,"Robinson, Kim Stanley",,553560735,9.78055E+12,4,3.86,Spectra Books,Mass Market Paperback,572,1993,1992,,24/04/2017,,,read,,,,1,,,0,,,,,
22590,Ubik,Philip K. Dick,"Dick, Philip K.","David Alabort, Manuel Espín",8498000831,9.7885E+12,3,4.08,La factoría de ideas,Paperback,288,2006,1969,,24/04/2017,,,read,,,,1,,,0,,,,,
7670,"The Andromeda Strain (Andromeda, #1)",Michael Crichton,"Crichton, Michael",,60541814,9.78006E+12,4,3.9,Avon Books,Paperback,327,2003,1969,,24/04/2017,,,read,,,,1,,,0,,,,,
216363,The Man in the High Castle,Philip K. Dick,"Dick, Philip K.",,679740678,9.78068E+12,5,3.62,Vintage,Paperback,259,1992,1962,,24/04/2017,,,read,,,,1,,,0,,,,,
547094,I Am Legend and Other Stories,Richard Matheson,"Matheson, Richard",,031286504X,9.78031E+12,4,4,Orb Books,Paperback,317,1997,1954,,24/04/2017,,,read,,,,1,,,0,,,,,
33507,"Twenty Thousand Leagues Under the Sea (Extraordinary Voyages, #6)",Jules Verne,"Verne, Jules",Anthony Bonner,076072850X,9.78076E+12,5,3.89,Barnes & Noble,Hardcover,394,2002,1869,,24/04/2017,,,read,,,,1,,,0,,,,,
61666,Contact,Carl Sagan,"Sagan, Carl",William Olivier Desmond,2266079999,9.78227E+12,5,4.13,Pocket,Mass Market Paperback,580,1997,1985,,24/04/2017,,,read,,,,1,,,0,,,,,
14050,The Time Traveler's Wife,Audrey Niffenegger,"Niffenegger, Audrey",,965818675,9.78097E+12,5,3.98,MacAdam/Cage,Paperback,540,2003,2003,,24/04/2017,,,read,,,,1,,,0,,,,,
3,Harry Potter and the Sorcerer's Stone (Harry Potter #1),J.K. Rowling,"Rowling, J.K.",Mary GrandPré,,,4,4.48,Scholastic Inc,Hardcover,309,2003,1997,,24/04/2017,,,read,,,,1,,,0,,,,,
112537,"Rendezvous with Rama (Rama, #1)",Arthur C. Clarke,"Clarke, Arthur C.",,1857231589,9.78186E+12,4,4.1,,Paperback,243,2000,1973,,24/04/2017,,,read,,,,1,,,0,,,,,
414999,Childhood's End,Arthur C. Clarke,"Clarke, Arthur C.",,,,5,4.1,Del Rey Books,Mass Market Paperback,224,1987,1953,,24/04/2017,,,read,,,,1,,,0,,,,,
17214,Starship Troopers,Robert A. Heinlein,"Heinlein, Robert A.",,441783589,9.78044E+12,5,4,Ace Book,Mass Market Paperback,208,1987,1959,,24/04/2017,,,read,,,,1,,,0,,,,,
70535,"2001: A Space Odyssey (Space Odyssey, #1)",Arthur C. Clarke,"Clarke, Arthur C.",,451457994,9.78045E+12,4,4.15,Roc,Paperback,297,2000,1968,,24/04/2017,,,read,,,,1,,,0,,,,,
149267,The Stand,Stephen King,"King, Stephen",Bernie Wrightson,385199570,9.78039E+12,5,4.34,Doubleday Books,Hardcover,1152,1990,1978,,24/04/2017,,,read,,,,1,,,0,,,,,
76778,The Martian Chronicles,Ray Bradbury,"Bradbury, Ray",,553278223,9.78055E+12,5,4.15,Bantam/Spectra,Paperback,182,1984,1950,,24/04/2017,,,read,,,,1,,,0,,,,,
41804,"I, Robot (Robot, #0.1)",Isaac Asimov,"Asimov, Isaac",,553803700,9.78055E+12,5,4.2,Bantam Books,Hardcover,224,2004,1950,,24/04/2017,,,read,,,,1,,,0,,,,,
350,Stranger in a Strange Land,Robert A. Heinlein,"Heinlein, Robert A.",James Warhola,441788386,9.78044E+12,4,3.92,Ace,Paperback,525,1991,1961,,24/04/2017,,,read,,,,1,,,0,,,,,
234225,"Dune (Dune Chronicles, #1)",Frank Herbert,"Herbert, Frank",Domingo Santos,340839937,9.78034E+12,3,4.23,Hodder & Stoughton,Paperback,604,2006,1965,,24/04/2017,,,read,,,,1,,,0,,,,,
375802,"Ender's Game (Ender's Saga, #1)",Orson Scott Card,"Card, Orson Scott",,812550706,9.78081E+12,4,4.3,Tor,Mass Market Paperback,324,2004,1985,,24/04/2017,,,read,,,,1,,,0,,,,,
13642710,"Nexus (Nexus, #1)",Ramez Naam,"Naam, Ramez",,857662937,9.78086E+12,5,4.05,Angry Robot,Paperback,460,2012,2012,,24/04/2017,,,read,,,,1,,,0,,,,,
162898,A Connecticut Yankee in King Arthur's Court,Mark Twain,"Twain, Mark",,,,5,3.77,Simon  Schuster,Paperback,480,2007,1889,,24/04/2017,,,read,,,,1,,,0,,,,,
32829,"Journey to the Center of the Earth (Extraordinary Voyages, #3)",Jules Verne,"Verne, Jules",,553213970,9.78055E+12,5,3.86,Bantam,Paperback,240,2006,1864,,24/04/2017,,,read,,,,1,,,0,,,,,
7733,Gulliver's Travels,Jonathan Swift,"Swift, Jonathan",Robert DeMaria Jr.,141439491,9.78014E+12,5,3.58,Penguin,Paperback,306,2003,1726,,24/04/2017,,,read,,,,1,,,0,,,,,
2493,The Time Machine,H.G. Wells,"Wells, H.G.","Greg Bear, Carlo Pagetti",,,4,3.89,Signet Classics,Paperback,118,2002,1895,,24/04/2017,,,read,,,,1,,,0,,,,,
29579,"Foundation (Foundation, #1)",Isaac Asimov,"Asimov, Isaac",,553803719,9.78055E+12,5,4.17,Bantam,Hardcover,244,2004,1951,,24/04/2017,,,read,,,,1,,,0,,,,,
22328,"Neuromancer (Sprawl, #1)",William Gibson,"Gibson, William",,,,4,3.9,Ace Books,Mass Market Paperback,271,1984,1984,,24/04/2017,,,read,,,,1,,,0,,,,,
5129,Brave New World,Aldous Huxley,"Huxley, Aldous",,60929871,9.78006E+12,5,3.99,HarperPerennial / Perennial Classics,Paperback,268,1998,1932,,24/04/2017,,,read,,,,1,,,0,,,,,
5470,1984,George Orwell,"Orwell, George","Erich Fromm, Regina Silveira, Marcelo Pen, Golo Mann, Irving Howe, Raymond Williams, Thomas Pynchon, Homi K. Bhabha, Martha C. Nussbaum, Bernard Crick, George Packer",,,5,4.19,New American Library,Mass Market Paperback,328,1950,1949,,24/04/2017,,,read,,,,1,,,0,,,,,
18007564,The Martian,Andy Weir,"Weir, Andy",,804139024,9.7808E+12,5,4.4,Crown,Hardcover,384,2014,2012,,24/04/2017,,,read,,,,1,,,0,,,,,
24911173,BrainWeb,Douglas E. Richards,"Richards, Douglas E.",,,,0,4.15,Paragon Press,Kindle Edition,360,2015,2015,,24/04/2017,,,read,,,,1,,,0,,,,,
45260,"The Naked God (Night's Dawn, #3)",Peter F. Hamilton,"Hamilton, Peter F.",,333725034,9.78033E+12,0,4.21,Macmillan,Paperback,1174,1999,1999,,24/04/2017,,,read,,,,1,,,0,,,,,
